INSERT INTO parking.`marca`(`idMarca`, marca, `fechaAlta`)
     VALUES (1, 'Nissan', '2018-09-19');

INSERT INTO parking.`marca`(`idMarca`, marca, `fechaAlta`)
     VALUES (13, 'Toyota', '2018-09-19');

INSERT INTO parking.`marca`(`idMarca`, marca, `fechaAlta`)
     VALUES (14, 'Kia', '2018-09-19');

INSERT INTO parking.`marca`(`idMarca`, marca, `fechaAlta`)
     VALUES (15, 'Audi', '2018-09-19');

INSERT INTO parking.`marca`(`idMarca`, marca, `fechaAlta`)
     VALUES (16, 'BMW', '2018-09-19');

INSERT INTO parking.`marca`(`idMarca`, marca, `fechaAlta`)
     VALUES (17, 'Honda ', '2018-09-19');

INSERT INTO parking.`marca`(`idMarca`, marca, `fechaAlta`)
     VALUES (18, 'Hyundai', '2018-09-19');

INSERT INTO parking.`marca`(`idMarca`, marca, `fechaAlta`)
     VALUES (19, 'Mazda', '2018-09-19');

INSERT INTO parking.`marca`(`idMarca`, marca, `fechaAlta`)
     VALUES (20, 'Porche', '2018-09-19');

INSERT INTO parking.`marca`(`idMarca`, marca, `fechaAlta`)
     VALUES (21, 'Mercedes-Benz', '2018-09-19');

INSERT INTO parking.`marca`(`idMarca`, marca, `fechaAlta`)
     VALUES (22, 'Ford', '2018-09-19');

INSERT INTO parking.`marca`(`idMarca`, marca, `fechaAlta`)
     VALUES (23, 'VW', '2018-09-19');

INSERT INTO parking.`user_role`(user_role_id, username, role)
     VALUES (1, 'admin', 'ROLE_ADMIN');

INSERT INTO parking.`user_role`(user_role_id, username, role)
     VALUES (2, 'arturo', 'ROLE_USER');

INSERT INTO parking.`modelo`(`idModelo`,
                             modelo,
                             anio,
                             `fechaAlta`,
                             `idMarca`)
     VALUES (2,
             'Tsuru',
             '2018',
             '2018-09-19',
             1);

INSERT INTO parking.`modelo`(`idModelo`,
                             modelo,
                             anio,
                             `fechaAlta`,
                             `idMarca`)
     VALUES (3,
             'Murano',
             '2018',
             '2018-09-19',
             1);

INSERT INTO parking.`modelo`(`idModelo`,
                             modelo,
                             anio,
                             `fechaAlta`,
                             `idMarca`)
     VALUES (4,
             'Kicks',
             '2018',
             '2018-09-19',
             1);

INSERT INTO parking.`modelo`(`idModelo`,
                             modelo,
                             anio,
                             `fechaAlta`,
                             `idMarca`)
     VALUES (5,
             'X-Trail',
             '2018',
             '2018-09-19',
             1);

INSERT INTO parking.`modelo`(`idModelo`,
                             modelo,
                             anio,
                             `fechaAlta`,
                             `idMarca`)
     VALUES (6,
             'Versa',
             '2018',
             '2018-09-19',
             1);

INSERT INTO parking.`modelo`(`idModelo`,
                             modelo,
                             anio,
                             `fechaAlta`,
                             `idMarca`)
     VALUES (7,
             'Atima',
             '2018',
             '2018-09-19',
             1);

INSERT INTO parking.`modelo`(`idModelo`,
                             modelo,
                             anio,
                             `fechaAlta`,
                             `idMarca`)
     VALUES (8,
             'Sentra',
             '2018',
             '2018-09-19',
             1);

INSERT INTO parking.`modelo`(`idModelo`,
                             modelo,
                             anio,
                             `fechaAlta`,
                             `idMarca`)
     VALUES (9,
             'Maxima',
             '2018',
             '2018-09-19',
             1);

INSERT INTO parking.`modelo`(`idModelo`,
                             modelo,
                             anio,
                             `fechaAlta`,
                             `idMarca`)
     VALUES (10,
             'Yaris',
             '2018',
             '2018-09-19',
             13);

INSERT INTO parking.`modelo`(`idModelo`,
                             modelo,
                             anio,
                             `fechaAlta`,
                             `idMarca`)
     VALUES (11,
             'Corolla',
             '2018',
             '2018-09-19',
             13);

INSERT INTO parking.`modelo`(`idModelo`,
                             modelo,
                             anio,
                             `fechaAlta`,
                             `idMarca`)
     VALUES (12,
             'Camry',
             '2018',
             '2018-09-19',
             13);

INSERT INTO parking.`modelo`(`idModelo`,
                             modelo,
                             anio,
                             `fechaAlta`,
                             `idMarca`)
     VALUES (13,
             'Prius',
             '2018',
             '2018-09-19',
             13);

INSERT INTO parking.`modelo`(`idModelo`,
                             modelo,
                             anio,
                             `fechaAlta`,
                             `idMarca`)
     VALUES (14,
             'Avanza',
             '2018',
             '2018-09-19',
             13);

INSERT INTO parking.`modelo`(`idModelo`,
                             modelo,
                             anio,
                             `fechaAlta`,
                             `idMarca`)
     VALUES (15,
             'Sienna',
             '2018',
             '2018-09-19',
             13);

INSERT INTO parking.`modelo`(`idModelo`,
                             modelo,
                             anio,
                             `fechaAlta`,
                             `idMarca`)
     VALUES (16,
             'Highlander',
             '2018',
             '2018-09-19',
             13);

INSERT INTO parking.`modelo`(`idModelo`,
                             modelo,
                             anio,
                             `fechaAlta`,
                             `idMarca`)
     VALUES (17,
             'Hilux',
             '2018',
             '2018-09-19',
             13);

INSERT INTO parking.`modelo`(`idModelo`,
                             modelo,
                             anio,
                             `fechaAlta`,
                             `idMarca`)
     VALUES (18,
             'Tacoma',
             '2018',
             '2018-09-19',
             13);

INSERT INTO parking.`modelo`(`idModelo`,
                             modelo,
                             anio,
                             `fechaAlta`,
                             `idMarca`)
     VALUES (19,
             'Active',
             '2018',
             '2018-09-19',
             16);

INSERT INTO parking.`modelo`(`idModelo`,
                             modelo,
                             anio,
                             `fechaAlta`,
                             `idMarca`)
     VALUES (20,
             'Cabrio',
             '2018',
             '2018-09-19',
             16);

INSERT INTO parking.`modelo`(`idModelo`,
                             modelo,
                             anio,
                             `fechaAlta`,
                             `idMarca`)
     VALUES (21,
             'Coupe',
             '2018',
             '2018-09-19',
             16);

INSERT INTO parking.`modelo`(`idModelo`,
                             modelo,
                             anio,
                             `fechaAlta`,
                             `idMarca`)
     VALUES (22,
             'Gran Turismo',
             '2018',
             '2018-09-19',
             16);

INSERT INTO parking.`modelo`(`idModelo`,
                             modelo,
                             anio,
                             `fechaAlta`,
                             `idMarca`)
     VALUES (23,
             'Berlina',
             '2018',
             '2018-09-19',
             16);

INSERT INTO parking.`modelo`(`idModelo`,
                             modelo,
                             anio,
                             `fechaAlta`,
                             `idMarca`)
     VALUES (24,
             'M4',
             '2018',
             '2018-09-19',
             16);

INSERT INTO parking.`modelo`(`idModelo`,
                             modelo,
                             anio,
                             `fechaAlta`,
                             `idMarca`)
     VALUES (25,
             'M5',
             '2018',
             '2018-09-19',
             16);

INSERT INTO parking.`modelo`(`idModelo`,
                             modelo,
                             anio,
                             `fechaAlta`,
                             `idMarca`)
     VALUES (26,
             'Civic',
             '2018',
             '2018-09-19',
             17);

INSERT INTO parking.`modelo`(`idModelo`,
                             modelo,
                             anio,
                             `fechaAlta`,
                             `idMarca`)
     VALUES (27,
             'CR-V',
             '2018',
             '2018-09-19',
             17);

INSERT INTO parking.`modelo`(`idModelo`,
                             modelo,
                             anio,
                             `fechaAlta`,
                             `idMarca`)
     VALUES (28,
             'Hybrid Insight',
             '2018',
             '2018-09-19',
             17);

INSERT INTO parking.`modelo`(`idModelo`,
                             modelo,
                             anio,
                             `fechaAlta`,
                             `idMarca`)
     VALUES (29,
             'Fit',
             '2018',
             '2018-09-19',
             17);

INSERT INTO parking.`modelo`(`idModelo`,
                             modelo,
                             anio,
                             `fechaAlta`,
                             `idMarca`)
     VALUES (30,
             'City',
             '2018',
             '2018-09-19',
             17);

INSERT INTO parking.`modelo`(`idModelo`,
                             modelo,
                             anio,
                             `fechaAlta`,
                             `idMarca`)
     VALUES (31,
             'Accord',
             '2018',
             '2018-09-19',
             17);

INSERT INTO parking.`modelo`(`idModelo`,
                             modelo,
                             anio,
                             `fechaAlta`,
                             `idMarca`)
     VALUES (32,
             'Odyssey',
             '2018',
             '2018-09-19',
             17);

INSERT INTO parking.`modelo`(`idModelo`,
                             modelo,
                             anio,
                             `fechaAlta`,
                             `idMarca`)
     VALUES (33,
             'Pilot',
             '2018',
             '2018-09-19',
             17);

INSERT INTO parking.`modelo`(`idModelo`,
                             modelo,
                             anio,
                             `fechaAlta`,
                             `idMarca`)
     VALUES (34,
             'Sedan 2',
             '2018',
             '2018-09-19',
             19);

INSERT INTO parking.`modelo`(`idModelo`,
                             modelo,
                             anio,
                             `fechaAlta`,
                             `idMarca`)
     VALUES (35,
             'Sedan 3',
             '2018',
             '2018-09-19',
             19);

INSERT INTO parking.`modelo`(`idModelo`,
                             modelo,
                             anio,
                             `fechaAlta`,
                             `idMarca`)
     VALUES (36,
             '6',
             '2018',
             '2018-09-19',
             19);

INSERT INTO parking.`modelo`(`idModelo`,
                             modelo,
                             anio,
                             `fechaAlta`,
                             `idMarca`)
     VALUES (37,
             'CX-3',
             '2018',
             '2018-09-19',
             19);

INSERT INTO parking.`modelo`(`idModelo`,
                             modelo,
                             anio,
                             `fechaAlta`,
                             `idMarca`)
     VALUES (38,
             'CX-5',
             '2018',
             '2018-09-19',
             19);

INSERT INTO parking.`modelo`(`idModelo`,
                             modelo,
                             anio,
                             `fechaAlta`,
                             `idMarca`)
     VALUES (39,
             'CX-9',
             '2018',
             '2018-09-19',
             19);

INSERT INTO parking.`modelo`(`idModelo`,
                             modelo,
                             anio,
                             `fechaAlta`,
                             `idMarca`)
     VALUES (40,
             'MX-5',
             '2018',
             '2018-09-19',
             19);

INSERT INTO parking.`modelo`(`idModelo`,
                             modelo,
                             anio,
                             `fechaAlta`,
                             `idMarca`)
     VALUES (41,
             'Gol',
             '2018',
             '2018-09-19',
             23);

INSERT INTO parking.`modelo`(`idModelo`,
                             modelo,
                             anio,
                             `fechaAlta`,
                             `idMarca`)
     VALUES (42,
             'Polo',
             '2018',
             '2018-09-19',
             23);

INSERT INTO parking.`modelo`(`idModelo`,
                             modelo,
                             anio,
                             `fechaAlta`,
                             `idMarca`)
     VALUES (43,
             'Gol Sedan',
             '2018',
             '2018-09-19',
             23);

INSERT INTO parking.`modelo`(`idModelo`,
                             modelo,
                             anio,
                             `fechaAlta`,
                             `idMarca`)
     VALUES (44,
             'Vento',
             '2018',
             '2018-09-19',
             23);

INSERT INTO parking.`modelo`(`idModelo`,
                             modelo,
                             anio,
                             `fechaAlta`,
                             `idMarca`)
     VALUES (45,
             'Passat',
             '2018',
             '2018-09-19',
             23);

INSERT INTO parking.`modelo`(`idModelo`,
                             modelo,
                             anio,
                             `fechaAlta`,
                             `idMarca`)
     VALUES (46,
             'Jetta',
             '2018',
             '2018-09-19',
             23);

INSERT INTO parking.`modelo`(`idModelo`,
                             modelo,
                             anio,
                             `fechaAlta`,
                             `idMarca`)
     VALUES (47,
             'Beetle',
             '2018',
             '2018-09-19',
             23);

INSERT INTO parking.`modelo`(`idModelo`,
                             modelo,
                             anio,
                             `fechaAlta`,
                             `idMarca`)
     VALUES (48,
             'Teramont',
             '2018',
             '2018-09-19',
             23);

INSERT INTO parking.`modelo`(`idModelo`,
                             modelo,
                             anio,
                             `fechaAlta`,
                             `idMarca`)
     VALUES (49,
             'Touareg',
             '2018',
             '2018-09-19',
             23);

INSERT INTO parking.`modelo`(`idModelo`,
                             modelo,
                             anio,
                             `fechaAlta`,
                             `idMarca`)
     VALUES (50,
             'Tiguam',
             '2018',
             '2018-09-19',
             23);

INSERT INTO parking.`vehiculo`(`idVehiculo`,
                               `idModelo`,
                               `noPlaca`,
                               `tipoVehiculo`,
                               `fechaAlta`)
     VALUES (1,
             2,
             'XFG-9878',
             'O',
             '2018-09-06');

INSERT INTO parking.`vehiculo`(`idVehiculo`,
                               `idModelo`,
                               `noPlaca`,
                               `tipoVehiculo`,
                               `fechaAlta`)
     VALUES (2,
             10,
             'XFG-9877',
             'P',
             '2018-09-19');

INSERT INTO parking.`vehiculo`(`idVehiculo`,
                               `idModelo`,
                               `noPlaca`,
                               `tipoVehiculo`,
                               `fechaAlta`)
     VALUES (3,
             19,
             'XLS-9902',
             'O',
             '2018-11-20');

INSERT INTO parking.`vehiculo`(`idVehiculo`,
                               `idModelo`,
                               `noPlaca`,
                               `tipoVehiculo`,
                               `fechaAlta`)
     VALUES (4,
             20,
             'XLS-9903',
             'O',
             '2018-09-19');

INSERT INTO parking.`vehiculo`(`idVehiculo`,
                               `idModelo`,
                               `noPlaca`,
                               `tipoVehiculo`,
                               `fechaAlta`)
     VALUES (5,
             22,
             'XLS-9905',
             'O',
             '2019-11-14');

INSERT INTO parking.`vehiculo`(`idVehiculo`,
                               `idModelo`,
                               `noPlaca`,
                               `tipoVehiculo`,
                               `fechaAlta`)
     VALUES (6,
             10,
             'XLS-9906',
             'R',
             '2018-03-21');

INSERT INTO parking.`vehiculo`(`idVehiculo`,
                               `idModelo`,
                               `noPlaca`,
                               `tipoVehiculo`,
                               `fechaAlta`)
     VALUES (7,
             48,
             'XLS-9907',
             'O',
             '2009-02-28');

INSERT INTO parking.`vehiculo`(`idVehiculo`,
                               `idModelo`,
                               `noPlaca`,
                               `tipoVehiculo`,
                               `fechaAlta`)
     VALUES (8,
             5,
             'XLS-9908',
             'O',
             '2009-02-02');

INSERT INTO parking.`vehiculo`(`idVehiculo`,
                               `idModelo`,
                               `noPlaca`,
                               `tipoVehiculo`,
                               `fechaAlta`)
     VALUES (9,
             3,
             'XLS-9909',
             'O',
             '2009-02-02');

INSERT INTO parking.`vehiculo`(`idVehiculo`,
                               `idModelo`,
                               `noPlaca`,
                               `tipoVehiculo`,
                               `fechaAlta`)
     VALUES (10,
             26,
             'XLS-9922',
             'N',
             '2009-02-19');

INSERT INTO parking.`vehiculo`(`idVehiculo`,
                               `idModelo`,
                               `noPlaca`,
                               `tipoVehiculo`,
                               `fechaAlta`)
     VALUES (11,
             37,
             'XLS-9988',
             'O',
             '2007-02-28');

INSERT INTO parking.`vehiculo`(`idVehiculo`,
                               `idModelo`,
                               `noPlaca`,
                               `tipoVehiculo`,
                               `fechaAlta`)
     VALUES (12,
             39,
             'XLS-9975',
             'O',
             '2009-02-18');

INSERT INTO parking.`vehiculo`(`idVehiculo`,
                               `idModelo`,
                               `noPlaca`,
                               `tipoVehiculo`,
                               `fechaAlta`)
     VALUES (13,
             3,
             'XHJ-9933',
             'P',
             '2018-10-16');

INSERT INTO parking.`user`(username, password, enabled)
     VALUES ('admin', 'admin', 1);

INSERT INTO parking.`user`(username, password, enabled)
     VALUES ('arturo', 'arturo', 1);

INSERT INTO parking.`registro`(`idRegistro`,
                               `fechaEntrada`,
                               `fechaSalida`,
                               `horaEntrada`,
                               `horaSalida`,
                               status,
                               `idVehiculo`)
     VALUES (39,
             '2018-09-18',
             '2018-09-18',
             '3 : 02 PM',
             '3 : 02 PM',
             'O',
             5);

INSERT INTO parking.`registro`(`idRegistro`,
                               `fechaEntrada`,
                               `fechaSalida`,
                               `horaEntrada`,
                               `horaSalida`,
                               status,
                               `idVehiculo`)
     VALUES (40,
             '2018-09-18',
             '2018-09-19',
             '3 : 16 PM',
             '3 : 16 PM',
             'O',
             5);

INSERT INTO parking.`registro`(`idRegistro`,
                               `fechaEntrada`,
                               `fechaSalida`,
                               `horaEntrada`,
                               `horaSalida`,
                               status,
                               `idVehiculo`)
     VALUES (41,
             '2018-09-18',
             '2018-09-18',
             '3 : 16 PM',
             '3 : 19 PM',
             'O',
             9);

INSERT INTO parking.`registro`(`idRegistro`,
                               `fechaEntrada`,
                               `fechaSalida`,
                               `horaEntrada`,
                               `horaSalida`,
                               status,
                               `idVehiculo`)
     VALUES (42,
             '2018-09-18',
             '2018-09-18',
             '3 : 29 PM',
             '3 : 28 PM',
             'O',
             5);

INSERT INTO parking.`registro`(`idRegistro`,
                               `fechaEntrada`,
                               `fechaSalida`,
                               `horaEntrada`,
                               `horaSalida`,
                               status,
                               `idVehiculo`)
     VALUES (43,
             '2018-09-18',
             '2018-09-18',
             '3 : 34 PM',
             '10 : 45 PM',
             'O',
             6);

INSERT INTO parking.`registro`(`idRegistro`,
                               `fechaEntrada`,
                               `fechaSalida`,
                               `horaEntrada`,
                               `horaSalida`,
                               status,
                               `idVehiculo`)
     VALUES (44,
             '2018-09-18',
             '2018-09-28',
             '10 : 46 PM',
             '6 : 32 PM',
             'O',
             10);

INSERT INTO parking.`registro`(`idRegistro`,
                               `fechaEntrada`,
                               `fechaSalida`,
                               `horaEntrada`,
                               `horaSalida`,
                               status,
                               `idVehiculo`)
     VALUES (45,
             '2018-09-19',
             '2018-09-19',
             '6 : 32 PM',
             '6 : 32 PM',
             'O',
             3);

INSERT INTO parking.`registro`(`idRegistro`,
                               `fechaEntrada`,
                               `fechaSalida`,
                               `horaEntrada`,
                               `horaSalida`,
                               status,
                               `idVehiculo`)
     VALUES (46,
             '2018-09-19',
             '2018-10-17',
             '10 : 56 PM',
             '9 : 58 PM',
             'O',
             8);

COMMIT;